player_id,nationality
23354,England
25587,Italy
27299,Germany
30660,Spain
30973,Poland
31097,Croatia
31293,France
34029,Spain
36388,Germany
38432,Brazil
39591,Belgium
41618,Switzerland
46469,France
46820,Italy
51545,Venezuela
58294,Uruguay
66757,Finland
68404,Italy
72241,Slovakia
73024,Italy
73167,Armenia
73409,Norway
75307,Spain
80295,Spain
93447,Poland
95955,Ghana
108381,Bosnia and Herzegovina
109222,Spain
113836,England
115067,Serbia
115591,Switzerland
116772,Germany
119014,Serbia
128827,Germany
130155,Italy
141699,Croatia
145550,Germany
148830,France
149219,Belgium
150250,Spain
150565,Gabon
151001,Hungary
154280,Ghana
156008,England
157723,Denmark
159833,England
160447,England
161012,Netherlands
161328,Italy
163604,Wales
166019,Tunisia
166733,Austria
167008,Germany
167035,Portugal
167589,Germany
169162,England
169193,France
169200,Belgium
169586,Uruguay
169718,Poland
169719,New Zealand
169756,Spain
170323,Belgium
173461,Croatia
174472,Spain
175311,Spain
177126,Slovenia
177714,Germany
178732,Poland
178753,Serbia
178778,Germany
178818,Germany
179410,Senegal
179515,France
179873,Hungary
181069,Belgium
181276,Belgium
181297,Spain
182917,Spain
183353,Spain
184138,France
184321,England
184521,France
184533,Spain
185175,Slovenia
185236,Norway
185326,Egypt
185625,Argentina
185644,Australia
185949,Brazil
186557,Denmark
186811,France
188058,England
188555,Netherlands
189982,Switzerland
191315,Spain
191869,England
191873,Spain
193901,Germany
194165,England
195305,Spain
195416,Italy
195750,Argentina
195782,Netherlands
196169,Spain
197352,Brazil
198235,Serbia
198277,France
198559,Netherlands
199834,France
201690,England
201704,Switzerland
205893,Denmark
207236,Switzerland
208494,Brazil
209405,Netherlands
210111,France
210114,France
210119,France
210126,France
210164,France
210389,France
210400,Ivory Coast
210420,France
210423,France
210683,Algeria
212156,Czechia
212470,Spain
212512,Netherlands
212815,Germany
212867,South Korea
212873,Germany
212982,Germany
213299,Italy
213485,Serbia
213501,Spain
213502,Spain
213516,Spain
214972,Central African Rep.
215151,Austria
215159,Germany
215168,Germany
215242,Italy
215387,England
215584,Spain
231821,Equatorial Guinea
237606,Argentina
239219,Croatia
239350,Italy
239920,Ireland
240236,Mali
240537,Germany
242156,France
243138,England
243419,Spain
244811,Italy
245315,Netherlands
245555,Argentina
247761,England
251269,Croatia
252650,Italy
254308,France
255610,England
260470,Germany
260964,Albania
261313,France
261609,Guadeloupe
262592,Spain
264885,Albania
266105,Angola
266520,Denmark
266523,Denmark
267365,Brazil
267371,Italy
267374,Brazil
268375,Argentina
274787,Switzerland
275034,Switzerland
276121,Wales
276729,Germany
276738,Germany
276739,Austria
277771,Belgium
278285,Argentina
278856,Hungary
279461,France
279490,England
279714,France
279820,Italy
279866,French Guiana
279879,Ivory Coast
280287,England
280484,England
280818,Serbia
282281,Spain
282462,Spain
282472,Spain
282676,Spain
282691,Spain
286119,England
288406,Spain
289001,Morocco
290201,Germany
290410,England
290604,Finland
291635,Spain
292313,Mexico
292462,Egypt
294859,France
295067,England
298823,Germany
298915,Germany
299799,Italy
299981,Spain
301023,Italy
303879,Spain
303905,Germany
303912,Germany
303919,England
304345,Bosnia and Herzegovina
304348,Tunisia
304354,Germany
304355,Greece
304455,Netherlands
304733,Turkiye
307021,Germany
307209,Germany
307317,Czechia
308517,Slovakia
309334,Spain
312765,England
314605,Spain
317062,France
317156,Ghana
317564,Spain
318615,Belgium
319305,France
319784,Brazil
321140,Austria
322003,Sweden
324578,Argentina
325916,Argentina
330643,Netherlands
343748,Germany
343757,Germany
343766,Germany
350634,Slovakia
352879,France
352887,Mali
352994,Portugal
353519,Nigeria
355356,Germany
355358,Germany
356406,Scotland
357880,Scotland
359191,Equatorial Guinea
359193,Spain
359203,Germany
360918,Spain
361315,England
361403,Poland
361712,Poland
361717,Portugal
361770,Portugal
362120,Italy
362121,Italy
362195,Italy
362200,Italy
362212,Poland
362694,England
363364,Brazil
364104,Italy
364520,Italy
364822,Italy
369742,Australia
384413,Spain
385437,Germany
388523,Portugal
388903,Bosnia and Herzegovina
391058,Spain
391064,France
395914,Greece
400625,Italy
402419,Poland
402830,Chile
406501,Portugal
406505,Poland
408943,Japan
409193,Guinea
411617,Spain
411851,Germany
412357,Nigeria
413525,France
414232,Suriname
414906,Italy
414924,Italy
415017,Italy
415137,Italy
415539,Italy
416175,Portugal
419664,England
420568,Spain
420731,France
421365,Togo
421768,Wales
421786,Gabon
422685,Portugal
423223,Italy
423624,Germany
423812,Austria
424129,Belgium
425962,Germany
426393,France
427438,Spain
429265,France
430856,Japan
432435,Germany
433859,Ukraine
434325,Ghana
435513,Ireland
439148,Norway
439366,Guinea
439368,Cameroon
439369,Scotland
440330,Norway
442602,Slovakia
442728,Germany
443966,Germany
445226,Ivory Coast
445856,France
446266,Croatia
447084,Germany
448540,Guinea
448865,France
449283,Italy
450976,Germany
451335,Switzerland
458976,Germany
459658,Ukraine
460632,Germany
462863,Estonia
464981,Slovakia
465750,Belgium
465960,Belgium
466113,Belgium
466436,Senegal
466439,France
466672,Colombia
466867,Bosnia and Herzegovina
467486,Nigeria
467689,Senegal
469615,Argentina
469700,Germany
469804,Netherlands
469939,Scotland
470834,Portugal
471153,France
473852,France
474448,Paraguay
474589,Uruguay
474658,Spain
474673,Colombia
477588,Spain
477615,Spain
478105,France
478447,Montenegro
479020,Spain
479217,Spain
480021,Italy
482331,Spain
485047,Netherlands
485634,Italy
488139,Portugal
488412,France
488415,Ivory Coast
488718,Spain
489288,Peru
490868,Poland
491784,Italy
491827,Ireland
492116,Mauritania
492158,France
493165,England
493647,Spain
493731,Brazil
494417,Wales
495222,Suriname
496042,Colombia
497662,Sweden
500502,Morocco
501543,France
503659,Denmark
504314,Côte d'Ivoire
504606,France
506776,Italy
509151,Scotland
512040,Spain
513072,France
515333,Serbia
516846,Germany
517052,Kosovo
517346,Switzerland
518346,Germany
518633,Greece
519835,England
520979,Switzerland
521148,England
521318,Switzerland
521421,Germany
521846,Slovakia
523193,England
523749,South Korea
523825,England
524434,Portugal
524437,Czechia
526450,Ghana
526657,Germany
526827,Austria
527103,Switzerland
527556,Spain
528453,England
528811,Denmark
530197,Greece
530468,Spain
530858,Germany
530859,Germany
531327,Sweden
531629,Spain
533228,Nigeria
534670,Norway
534955,Spain
535936,Brazil
536455,Portugal
538501,Italy
539939,England
540088,England
540097,Czechia
540307,Italy
540963,Norway
541555,Italy
541820,Italy
541933,Guinea-Bissau
543021,Serbia
543306,Italy
544312,Canada
544693,Kosovo
551805,Scotland
552718,Norway
553256,Spain
554534,Germany
556027,Germany
556029,Germany
556505,Germany
556524,Germany
556972,Serbia
557325,Austria
557342,Switzerland
557346,Slovenia
557677,Croatia
557799,Croatia
557805,Austria
559065,Algeria
560939,France
560945,Kosovo
560990,Germany
561046,France
561164,Argentina
561869,Algeria
562719,France
562724,England
562727,Spain
562892,Jamaica
564842,Australia
564847,Ukraine
566158,Indonesia
566187,Tunisia
566425,Portugal
570434,Brazil
570461,Portugal
571379,Germany
571615,Spain
573465,Germany
573780,Spain
574629,Spain
574642,Tunisia
574645,Spain
574662,Spain
574844,Romania
575227,Greece
575364,Italy
575735,Ivory Coast
575779,Brazil
577911,Italy
577912,Italy
578756,Colombia
580591,Morocco
581919,Spain
586388,Russia
586474,Netherlands
586768,Argentina
588687,Italy
590494,Nigeria
591734,England
592102,Senegal
593118,Netherlands
593129,Spain
598355,Switzerland
599353,Scotland
600524,Mozambique
601145,Senegal
602304,France
602523,Germany
602563,Spain
602845,Indonesia
603537,Spain
604044,Japan
604088,Germany
604089,England
604105,Ghana
604126,Argentina
604330,Italy
604785,Nigeria
604982,England
605224,Italy
605654,Spain
606491,Guadeloupe
607148,Spain
609504,Scotland
609505,Spain
609516,Spain
609755,England
610184,Argentina
611223,France
611491,Cameroon
611528,New Caledonia
612150,England
612699,France
612747,France
612755,Italy
612836,Netherlands
612863,Cameroon
613260,France
613334,Angola
614006,Portugal
614207,France
614384,Germany
614449,Germany
614834,Spain
616531,Spain
616539,Spain
616545,Spain
617310,Morocco
618878,Italy
619513,Uzbekistan
620026,South Korea
620027,Austria
620618,Uruguay
620917,Japan
621415,Argentina
621515,Japan
621562,France
622091,Croatia
622373,Croatia
623537,France
623716,Ireland
624166,Italy
625091,Philippines
625175,Germany
625340,Uruguay
626890,Germany
628201,Germany
628310,Japan
629579,Senegal
629594,Spain
629805,Japan
630286,Norway
634110,Haiti
634310,Switzerland
635772,Spain
637656,Brazil
637716,Brazil
637746,France
637753,Germany
637756,Spain
638010,Spain
638070,Spain
638090,Spain
638127,Germany
638622,Netherlands
639450,Spain
639671,Italy
640122,Spain
640123,Spain
640220,Spain
640231,Spain
640238,Spain
640492,Spain
641595,Croatia
642534,Germany
642551,Spain
643228,England
643229,Ivory Coast
643448,Croatia
643635,Panama
643652,Mali
643724,Austria
647900,Sweden
650616,Denmark
651435,Croatia
651910,Slovakia
654044,Brazil
654096,England
654908,Brazil
655575,Denmark
655696,Ukraine
656491,Denmark
658240,Switzerland
658440,Germany
658554,France
658658,Morocco
659272,Norway
659490,Chile
660010,Portugal
660326,France
660327,Mali
660462,France
660479,France
660625,Spain
661519,Germany
661761,Italy
662205,Italy
662428,USA
664226,Dominican Republic
664500,Sweden
664587,Mali
664970,Germany
665188,Iceland
666857,DR Congo
666954,Nigeria
667788,Germany
667790,Germany
670009,Greece
670928,Italy
671203,Spain
671331,Jamaica
671529,Greece
671685,Spain
671686,Spain
671865,Spain
671961,Brazil
672469,England
673050,France
673356,Argentina
673689,Spain
674014,Wales
674242,Georgia
674499,Germany
675023,Luxembourg
676533,Spain
678192,Spain
678234,Spain
680031,Spain
681213,Romania
681383,Germany
682548,Nigeria
683402,England
683450,Spain
683473,France
683761,Spain
683762,Spain
684981,Spain
684983,Turkiye
686102,France
686315,Germany
686460,Argentina
688273,Germany
688278,Ecuador
688295,USA
688300,Nigeria
688830,Mali
688876,Belgium
689065,France
689680,Denmark
689987,Poland
690107,Sweden
690149,DR Congo
690230,Argentina
690516,Nigeria
692984,France
693160,Italy
693171,France
693599,Argentina
693678,Belgium
693736,Spain
695062,Spain
695405,Burkina Faso
696263,France
696365,England
696443,Morocco
696679,Brazil
698273,Ivory Coast
698653,Spain
699461,France
700074,Nigeria
701154,France
704151,Netherlands
704523,France
705450,France
705484,Switzerland
706297,France
707970,Switzerland
708435,France
708457,France
708890,Spain
710158,England
710159,England
711231,Spain
711357,Jamaica
713924,Equatorial Guinea
715069,Spain
715301,France
717174,Wales
719219,Greece
719330,England
721089,Italy
721091,Germany
722207,Denmark
723564,Brazil
724196,Netherlands
724306,Mali
724368,Jamaica
724371,France
724909,Poland
725398,Portugal
726345,Argentina
726442,Kenya
727897,Slovakia
729093,Uruguay
729731,Poland
729769,USA
730901,Venezuela
731600,Germany
734042,England
737066,Norway
737339,Portugal
737857,Serbia
740944,Norway
741049,North Macedonia
743533,Uruguay
744494,Sweden
746395,England
747079,Croatia
747718,Austria
747767,Belgium
747926,Italy
748380,Spain
749488,Austria
749661,England
749662,England
749736,Germany
750027,Morocco
750028,Spain
750030,Italy
750031,Spain
750734,Brazil
750880,Albania
751202,Canada
751550,Portugal
751649,England
751762,DR Congo
751998,Paraguay
753593,Brazil
753724,Spain
754126,Austria
759097,Denmark
759580,England
759817,Switzerland
760320,DR Congo
760359,England
760398,Ivory Coast
760712,England
760722,Poland
760752,Kosovo
762028,Albania
762721,Croatia
763313,Serbia
763970,France
763974,France
764018,Switzerland
765693,Belgium
765998,Germany
766062,Italy
766435,Brazil
766574,Senegal
766611,Serbia
766957,Spain
767013,France
767716,Portugal
767789,Austria
768331,Brazil
768474,Serbia
769166,Haiti
769525,Brazil
769895,Netherlands
769931,Malta
770267,England
770271,France
770321,France
770340,France
770881,Morocco
771294,Senegal
771401,France
771630,Ghana
772193,Germany
773189,France
773991,England
774448,Turkiye
775539,Morocco
775614,England
776151,England
776591,Ghana
776594,Denmark
776689,Ireland
776940,Ivory Coast
777028,Portugal
780432,Wales
782502,France
782703,Croatia
783505,Mexico
784146,Germany
784241,Spain
784246,Spain
784448,Belgium
784510,Italy
785411,Argentina
785511,Spain
785739,Germany
786580,Zimbabwe
787242,Ivory Coast
789066,Argentina
789243,Morocco
789502,England
789509,Nigeria
789571,Spain
789578,Ireland
789630,England
789646,England
789914,Burkina Faso
790732,Italy
792645,Spain
792756,Switzerland
793041,Italy
793066,Brazil
793255,Portugal
793907,England
794253,Netherlands
794393,Germany
795179,Brazil
795371,Ivory Coast
796974,Netherlands
797594,Netherlands
797901,Spain
797908,Brazil
798029,Czechia
798659,Nigeria
799230,Italy
799497,Italy
800609,France
801120,Sweden
801213,Spain
802462,Ivory Coast
803343,Denmark
805352,Spain
805451,Italy
805767,Romania
806552,Netherlands
806669,Germany
807148,Italy
807729,England
812415,France
812549,Romania
812652,Argentina
812839,Netherlands
812982,Wales
813055,Jordan
813428,Netherlands
813771,Spain
814398,Italy
814400,Italy
814663,Spain
815006,England
815187,Cameroon
815431,Italy
815465,France
815912,Turkiye
816325,France
817500,Egypt
817724,Cameroon
818893,Italy
818975,England
819215,England
820024,England
820140,France
820712,Ivory Coast
821100,Norway
821271,Brazil
821728,Spain
822440,Italy
822589,Sweden
822788,Germany
822789,Italy
823018,Italy
823293,Norway
823592,England
823658,Argentina
823825,France
824623,Denmark
824635,Portugal
824717,Croatia
825806,Germany
827315,Argentina
828159,South Korea
831044,Sweden
831474,Croatia
831489,Argentina
833219,Argentina
833638,Montenegro
834956,Italy
836436,Brazil
836726,Hungary
836797,Czechia
837089,Spain
837270,Nigeria
839038,Kosovo
839204,Egypt
839232,Spain
839750,Honduras
839893,Spain
840241,Bosnia and Herzegovina
841672,Argentina
843040,Portugal
843099,Scotland
844415,Brazil
844425,England
844437,Algeria
844477,Spain
844544,Senegal
844943,England
844996,Italy
845368,Ecuador
845943,Venezuela
845994,Italy
845998,Spain
846000,France
846002,France
846005,Hungary
846033,Brazil
846381,England
846383,England
846392,Tunisia
846761,Morocco
846966,Spain
847357,Algeria
847629,Canada
847983,Argentina
848034,Uruguay
848266,USA
848289,Japan
848563,Senegal
848844,Portugal
850295,Italy
850354,Brazil
852071,Colombia
853108,Ivory Coast
856685,Nigeria
857120,Japan
857269,Brazil
859282,Colombia
860260,Ghana
860314,Argentina
860592,Poland
860913,Colombia
860914,Colombia
860920,England
860975,England
861541,Slovenia
861805,Slovenia
862608,Japan
862616,Kosovo
863098,Brazil
863168,Spain
863455,Poland
864006,France
864145,France
864157,Germany
865010,France
865931,England
866516,Netherlands
866517,Netherlands
866686,Denmark
866688,England
866708,France
867080,Germany
867225,Turkiye
867414,Italy
867789,Italy
868344,Netherlands
869054,Italy
872362,Albania
872396,Senegal
872934,Switzerland
873014,England
873270,Greece
873289,Spain
873297,Spain
873566,Ivory Coast
873573,Netherlands
873827,Spain
873838,Spain
873956,Spain
874025,Ukraine
874621,Argentina
875672,Ivory Coast
877401,Nigeria
877700,Nigeria
879065,Italy
879609,Spain
880095,USA
880618,France
881500,South Africa
881640,Netherlands
881735,Germany
881771,Spain
881786,Spain
882163,Austria
882400,France
882401,France
883080,England
883087,Germany
883823,Ghana
884272,Mali
884539,Algeria
884919,Germany
885085,Netherlands
886016,England
887703,Haiti
887704,Japan
888167,Spain
888912,Denmark
888921,Scotland
889534,England
889535,Germany
889536,USA
889785,Denmark
890263,Netherlands
890266,Romania
891743,Ghana
891870,Netherlands
892679,Germany
894802,Germany
894803,England
895362,Brazil
895953,Spain
896402,Spain
897315,Italy
900433,Georgia
900523,Germany
901495,Belgium
902651,Italy
902901,Spain
904021,France
905546,Italy
906937,England
907495,France
909907,Spain
912342,France
914103,Mexico
914402,England
914458,France
915111,Japan
915238,Congo
915264,Angola
915797,Switzerland
916332,England
916546,Spain
916710,Italy
917802,France
919435,Netherlands
919671,New Zealand
919742,Belgium
921341,Belgium
921543,Denmark
921594,Croatia
921825,Spain
921921,Norway
922877,Cape Verde
923196,Mali
923298,Spain
923312,Cameroon
924431,USA
924485,USA
924610,Japan
926445,Germany
926643,Spain
927646,Spain
928454,Germany
929838,Spain
930024,Croatia
933576,Ghana
933768,England
933817,Italy
933845,Algeria
934156,Netherlands
935379,Sweden
935380,Italy
935406,Italy
935550,Norway
935622,Norway
935769,France
936140,Norway
936164,France
936206,Spain
936618,Germany
937368,Nigeria
937412,Indonesia
937462,Italy
938247,Ghana
939061,Georgia
939542,England
939569,Canada
939593,Iceland
939780,Sweden
940087,Portugal
940446,Netherlands
940573,Spain
940608,Spain
940743,Spain
940829,Brazil
940976,South Korea
941213,Netherlands
941573,Spain
941656,Italy
941953,Equatorial Guinea
942193,Iceland
942358,Portugal
942368,Belgium
942372,Spain
942379,Spain
942381,Netherlands
942549,Scotland
942893,Canada
947884,Netherlands
947901,Germany
948800,Georgia
949647,Switzerland
949673,South Korea
949731,Italy
950473,England
950474,England
950485,France
950545,Spain
950561,Uruguay
950596,Italy
950824,Croatia
950829,USA
950830,Netherlands
950967,Senegal
951712,Italy
951714,Spain
951743,Italy
951765,Germany
951918,Germany
951919,Germany
951921,Austria
952057,Belgium
952095,Spain
952322,USA
952528,Spain
953065,Croatia
953812,Morocco
954621,France
954962,Angola
955214,France
955271,Argentina
955406,France
955411,Ivory Coast
955529,Portugal
956622,Spain
956659,Algeria
956682,Netherlands
956683,Netherlands
956913,Germany
956921,Morocco
956925,France
957118,Portugal
957203,Brazil
958232,DR Congo
958335,Denmark
958401,Italy
958422,Italy
958464,Argentina
958640,Nigeria
959407,England
959594,Germany
959597,Croatia
959696,USA
961306,Ireland
961995,England
963964,England
965764,Senegal
966018,Netherlands
966019,Germany
966021,England
966026,Netherlands
966027,England
966146,Georgia
967622,Brazil
967871,Spain
967941,Denmark
968029,Argentina
969870,Czechia
970243,Netherlands
970578,Romania
970692,Spain
971787,Egypt
971790,France
972120,Senegal
974268,Northern Ireland
974618,Netherlands
974753,Argentina
974755,Argentina
975242,Switzerland
978680,France
979752,France
980381,England
980422,Spain
980793,France
982158,Brazil
982633,Zimbabwe
982677,USA
982692,Estonia
983199,England
987142,Cameroon
988160,Morocco
988805,Spain
990996,Spain
992052,Portugal
992060,Germany
994403,Belgium
999159,Spain
999171,Spain
999690,Algeria
1000428,Iceland
1002058,Germany
1002618,Spain
1002668,Austria
1002673,Germany
1006676,Italy
1010426,England
1010733,Netherlands
1011026,Gabon
1011117,Spain
1012842,Italy
1013021,Italy
1013277,Portugal
1014496,Ivory Coast
1014630,Sweden
1014688,Sweden
1015185,France
1016093,Denmark
1016132,France
1017401,Italy
1018564,Argentina
1020963,Italy
1021302,Italy
1021382,Brazil
1021586,Brazil
1021834,Poland
1021929,England
1022354,Spain
1022649,Switzerland
1023030,Colombia
1024292,Austria
1024672,Austria
1025462,Portugal
1025560,Norway
1026135,Canada
1027194,Austria
1027472,Ivory Coast
1029063,France
1030212,Italy
1030646,Italy
1030829,England
1031325,Spain
1032811,Uruguay
1033099,Algeria
1033111,Japan
1035208,Nigeria
1035614,Uruguay
1036182,Serbia
1037537,Spain
1037539,Czechia
1039219,Algeria
1039403,Argentina
1041522,Guinea-Bissau
1042347,Germany
1044029,Italy
1044470,Iceland
1047667,Germany
1047670,Serbia
1047671,Brazil
1047676,Spain
1048023,Serbia
1049999,France
1050158,Portugal
1050163,Italy
1050166,Sweden
1050178,Serbia
1050859,France
1051097,Italy
1052330,Spain
1052898,Italy
1053676,Senegal
1053678,Senegal
1053679,Japan
1053714,Poland
1053838,Brazil
1054122,Mali
1054522,Mali
1054786,Spain
1055327,Spain
1056071,Spain
1057426,Bosnia and Herzegovina
1057433,USA
1057703,Burundi
1059657,Spain
1060604,Brazil
1061249,Portugal
1067256,Serbia
1067260,Poland
1067763,Northern Ireland
1069536,Morocco
1070052,Ivory Coast
1070712,Croatia
1071186,Germany
1072054,Italy
1072056,Italy
1072472,Austria
1072864,Nigeria
1072913,France
1073498,Austria
1073742,Paraguay
1073905,Senegal
1073941,France
1073977,Slovenia
1073980,Austria
1074476,Mali
1074968,Germany
1075429,Denmark
1075815,Germany
1076647,France
1076756,Wales
1077653,France
1077894,England
1078729,France
1078788,Wales
1078846,Italy
1079103,England
1079485,Guinea-Bissau
1079539,France
1079548,France
1079554,France
1079892,France
1080669,Italy
1080917,Germany
1080983,Bulgaria
1082102,Brazil
1082597,Belgium
1082941,Brazil
1083323,Spain
1083796,Germany
1084981,England
1086647,Jamaica
1087966,Ivory Coast
1089691,England
1089744,Angola
1091193,Nigeria
1091907,Nigeria
1092403,France
1092680,Guinea
1092731,Japan
1093255,Germany
1093285,Italy
1093766,Tunisia
1095432,Belgium
1095445,France
1096327,Poland
1096353,England
1096400,England
1097009,Denmark
1097229,Iceland
1097466,Netherlands
1097497,Cameroon
1098096,Brazil
1098243,France
1098365,Spain
1098607,Ireland
1102240,Denmark
1102289,Spain
1102708,Spain
1103837,Senegal
1104053,France
1105912,Italy
1106074,Spain
1106563,Germany
1106742,Spain
1106895,Spain
1107280,Senegal
1107620,England
1107910,England
1108603,France
1109046,Guinea
1110045,Italy
1112072,Spain
1112511,Spain
1112702,Poland
1113690,Northern Ireland
1113692,England
1113694,England
1113724,England
1113784,France
1113809,Denmark
1113903,England
1114635,Brazil
1114979,Ivory Coast
1116391,Spain
1116749,Italy
1117069,Georgia
1117306,Hungary
1117310,Italy
1119461,France
1119643,Germany
1120224,England
1121170,Ghana
1123969,Italy
1124453,France
1124825,Germany
1125187,Netherlands
1125446,France
1125720,Netherlands
1126058,USA
1127054,Slovakia
1127125,France
1128945,Brazil
1130330,Scotland
1130583,Portugal
1130600,Serbia
1130691,Ghana
1130732,Colombia
1130991,Spain
1131217,France
1131987,Netherlands
1132319,Romania
1132355,Spain
1132607,Spain
1133081,Ivory Coast
1134206,Algeria
1134467,Japan
1134871,Belgium
1137272,USA
1137364,Germany
1137407,Germany
1137667,Ecuador
1137668,Ecuador
1137670,Ecuador
1137705,Argentina
1140003,Ukraine
1145717,Norway
1146376,Turkiye
1146500,Italy
1152455,Germany
1155130,Germany
1156141,Germany
1156568,Sweden
1156569,Sweden
1157236,Ukraine
1158512,Spain
1158945,Portugal
1159181,Spain
1159233,Gambia
1161211,Switzerland
1163501,Italy
1164506,Portugal
1167220,Spain
1168311,Sweden
1169595,Morocco
1169596,Spain
1171140,England
1173250,Belgium
1173678,USA
1173779,Germany
1173787,Netherlands
1173788,France
1174002,Morocco
1174296,Brazil
1174337,Brazil
1174672,Brazil
1174726,Germany
1175708,Germany
1175939,Germany
1176780,Germany
1177131,France
1177358,France
1178314,Serbia
1178325,Mali
1178332,France
1178512,France
1178602,Belgium
1180481,France
1180718,France
1180730,Guinea
1181101,England
1183148,Netherlands
1184694,Spain
1184777,Spain
1185211,Mali
1185336,Portugal
1185568,Germany
1185609,Germany
1185748,Belgium
1185902,South Korea
1186015,Kosovo
1186444,England
1186553,Brazil
1186685,Colombia
1187044,Brazil
1187389,Germany
1187702,Spain
1187734,Cameroon
1187767,Spain
1188375,Brazil
1188890,Germany
1189223,Italy
1189288,Italy
1189856,Senegal
1190025,Spain
1190029,Denmark
1190113,Brazil
1191093,Italy
1191407,Spain
1192393,Spain
1192406,France
1193815,Germany
1194892,Spain
1195281,Hungary
1197030,France
1197250,France
1197347,Senegal
1197655,England
1199272,Denmark
1199283,Germany
1199382,Haiti
1199383,Ivory Coast
1199947,Austria
1200630,Belgium
1200631,France
1200657,Colombia
1201760,Ghana
1202110,Spain
1202525,Spain
1202587,Spain
1202769,Brazil
1203512,England
1203661,Romania
1203665,Argentina
1206287,England
1206806,Angola
1207992,Brazil
1208708,Morocco
1208969,Albania
1209228,Sweden
1209399,Morocco
1209441,Spain
1209980,Spain
1209987,France
1210384,Germany
1210647,Spain
1210943,Cameroon
1211437,Denmark
1212630,Italy
1214915,England
1215057,Portugal
1215652,England
1219540,Kosovo
1220187,Spain
1222134,Germany
1224237,Argentina
1225450,Spain
1225995,Czechia
1226147,Argentina
1226189,Portugal
1227012,Ivory Coast
1228273,Morocco
1228840,Italy
1229176,Spain
1229177,Spain
1230286,Mali
1231029,Algeria
1231032,Spain
1231555,Germany
1231648,Ukraine
1233655,England
1233931,France
1235086,USA
1238154,Spain
1239595,Portugal
1239749,Belgium
1242587,France
1244272,Senegal
1246009,Italy
1248482,Norway
1249284,Venezuela
1249665,Argentina
1250253,Burkina Faso
1250443,France
1250485,Bosnia and Herzegovina
1250492,France
1250658,Argentina
1251334,England
1251666,Netherlands
1252070,Belgium
1252373,Spain
1253852,France
1253890,Turkiye
1254147,Senegal
1254166,Spain
1254217,Spain
1254218,Spain
1254297,France
1255209,Brazil
1255855,Morocco
1255860,Morocco
1256237,Spain
1256478,Spain
1258292,Italy
1265963,Brazil
1269497,Germany
1272440,Argentina
1272740,Sweden
1274060,Morocco
1274452,France
1275291,Germany
1276315,Togo
1276505,Italy
1276626,Austria
1277380,Colombia
1279034,Germany
1279040,Spain
1280020,Spain
1280080,Italy
1280082,Argentina
1280132,Spain
1280225,France
1281090,Germany
1281100,Germany
1281107,Germany
1281461,Spain
1282000,France
1282008,Argentina
1282015,Spain
1282582,Germany
1282765,Turkiye
1284071,France
1284429,Spain
1284434,Spain
1284464,Croatia
1285773,Tunisia
1285784,France
1285866,Senegal
1286183,Germany
1286471,Spain
1287373,England
1287489,Ivory Coast
1287783,Guinea
1288111,France
1288119,Canada
1288450,England
1289942,Italy
1289961,Slovakia
1290968,France
1292354,France
1292810,England
1292833,England
1293912,Spain
1296413,Denmark
1296650,England
1296763,England
1297165,France
1298907,Spain
1300526,England
1302005,Brazil
1305543,France
1305618,France
1306664,Portugal
1308414,Spain
1309372,Ivory Coast
1309634,Cape Verde
1310103,Germany
1310118,Spain
1310270,Mali
1310480,Spain
1310975,Wales
1311985,Spain
1313884,Spain
1314412,Brazil
1316088,Argentina
1318686,Australia
1319972,Belgium
1320176,Brazil
1320446,Serbia
1320949,Brazil
1321562,Italy
1321605,Spain
1322858,Spain
1323305,England
1323398,Spain
1323403,Spain
1323510,Spain
1323827,Spain
1324358,Cameroon
1327149,Austria
1327150,Germany
1327156,Gabon
1327298,France
1327406,Uruguay
1327489,Spain
1328540,Ivory Coast
1329255,France
1329487,Italy
1331097,France
1331249,Spain
1332850,Cameroon
1333066,Niger
1334805,France
1336566,Argentina
1336582,Argentina
1337884,Greece
1337979,France
1338016,Argentina
1338192,Spain
1338390,Ghana
1339208,France
1339269,Sweden
1339345,Italy
1339347,Brazil
1339372,Italy
1340895,Morocco
1341387,France
1342754,Belgium
1342757,Portugal
1343053,France
1343750,Portugal
1344550,France
1344677,Spain
1345875,Algeria
1347574,Argentina
1347791,France
1352713,Cameroon
1352744,Belgium
1352923,Argentina
1352996,Germany
1353289,Croatia
1353457,Brazil
1354561,Paraguay
1355574,Brazil
1355636,Brazil
1356312,Portugal
1357723,Brazil
1358581,France
1359613,Ivory Coast
1359649,DR Congo
1359911,Spain
1362622,France
1362998,Uzbekistan
1364069,Belgium
1367047,Portugal
1367615,France
1367619,Spain
1367987,Spain
1368049,Germany
1368557,Nigeria
1368654,Morocco
1372921,Brazil
1375810,Ghana
1381853,Germany
1382000,Croatia
1383070,Germany
1384881,Spain
1384883,Spain
1385856,Italy
1385894,France
1386006,Italy
1386775,Sweden
1387194,France
1387389,Belgium
1388070,Algeria
1388071,Morocco
1388474,France
1388678,Ivory Coast
1388749,France
1390336,France
1392232,Spain
1392779,Cameroon
1393439,Morocco
1393669,Netherlands
1393672,France
1395447,Germany
1395704,Ivory Coast
1395716,Spain
1395964,Spain
1396089,Italy
1398377,Belgium
1398392,France
1398483,Germany
1400227,Gambia
1403332,Germany
1403692,Morocco
1404415,Spain
1406428,France
1406436,England
1406645,France
1407468,Uruguay
1408580,Argentina
1412132,Turkiye
1413963,Spain
1413996,Croatia
1418816,Brazil
1419969,Spain
1421505,Lithuania
1422593,England
1426170,Senegal
1427819,Spain
1428153,DR Congo
1428420,France
1428426,France
1428427,Senegal
1429120,France
1429607,Ghana
1429912,Italy
1431818,France
1432421,France
1434889,Senegal
1435439,Spain
1436270,Spain
1436305,Senegal
1436436,Italy
1436942,Denmark
1439625,France
1440009,Canada
1444231,Belgium
1451196,Italy
1451265,Senegal
1453218,Turkiye
1458711,Brazil
1459265,Germany
1463266,Germany
1467236,Spain
1469758,France
1473534,France
1473580,Germany
1473806,Italy
1478148,Kosovo
1481909,Nigeria
1482729,Hungary
1487877,Germany
1487894,France
1506480,Spain
1507697,Georgia
1513317,France
1515977,Germany
1520063,Switzerland
1523234,Spain
1524069,France
1524210,France
1526560,Denmark
1526611,Spain
1526689,Spain
1529148,Italy
1529222,Italy
1530314,Portugal
1531887,Spain
1532137,Spain
1536998,Senegal
1539619,Sierra Leone
1541825,Spain
1553099,Spain
1553105,Spain
1553515,France
1561552,Morocco
1565010,Cameroon
1572809,Mali
1574189,France
1574492,Portugal
1580528,Spain
1580704,Nigeria
1580952,Brazil
1586939,Gabon
1598170,Morocco
1598982,Spain
1605748,Argentina
1609064,France
1609209,Italy
1609213,England
1613676,Germany
1622290,Italy
1622889,France
1624039,Spain
1624586,Ivory Coast
1640832,Burkina Faso
1641063,USA
1643774,France
1643851,Germany
1664716,France
1664722,France
1669629,Italy
1676905,Guinea-Bissau
1690093,Spain
1693531,Switzerland
1735453,Ivory Coast
1737700,Germany
1800345,France
