player_id,player,team_id,team,league,accurate_long_balls,accurate_pass,big_chance_created,clean_sheet,effective_clearance,expected_assists,expected_assists_per_90,expected_goals_per_90,fouls,goal_assist,goals_per_90,interception,ontarget_scoring_att,outfielder_block,poss_won_att_3rd,rating,saves,total_att_assist,total_scoring_att,total_tackle,won_contest,minutes_played,matches_played,position,clean_defend_rate,interception_share,progressive_pass_share,carry_to_foul_ratio,saves_per_match,clean_sheet_rate,distribution,shot_stopping,sweeper_command,composite_score,has_primary_season
990996,Inaki Pena,10268,Elche,ESP-La Liga,0.0,41.1,1.0,4.0,1.3,0.2,0.01,0.0,0.0,0.0,0.0,0.0,0.0,0.0,0.0,6.92,3.4,3.0,0.0,0.0,0.0,1440,16,Keeper,0.0,0.0,0.0,0.0,0.2125,0.25,67.81862745098039,72.05882352941177,73.8970588235294,70.86534318117515,True
145550,Kevin Trapp,6379,Paris FC,FRA-Ligue 1,0.0,29.8,0.0,4.0,0.9,0.0,0.0,0.0,0.0,0.0,0.0,0.1,0.0,0.0,0.0,6.79,2.1,0.0,0.0,0.0,0.0,990,11,Keeper,1.0,1.0,0.0,0.0,0.19090909090909092,0.36363636363636365,64.90196078431372,82.1078431372549,62.54901960784314,68.87865727176127,True
560939,Jean Butez,10171,Como,ITA-Serie A,0.0,29.4,0.0,12.0,1.3,0.1,0.0,0.0,0.0,0.0,0.0,0.0,0.0,0.0,0.0,7.37,2.7,1.0,0.0,0.0,0.0,2250,25,Keeper,0.0,0.0,0.0,0.0,0.10800000000000001,0.48,63.55669934640522,64.13235294117646,80.02189542483659,68.28893448453114,True
151001,Péter Gulácsi,178475,RB Leipzig,GER-Bundesliga,0.0,26.9,0.0,9.0,1.3,0.0,0.0,0.0,0.0,0.0,0.0,0.0,0.0,0.0,0.0,6.94,2.4,0.0,0.0,0.0,0.0,1919,22,Keeper,0.0,0.0,0.0,0.0,0.10909090909090909,0.4090909090909091,58.2312091503268,66.57516339869281,77.91650326797385,66.1522822315014,True
999171,Álvaro Vallés,8603,Real Betis,ESP-La Liga,0.0,22.4,0.0,6.0,1.3,0.0,0.0,0.0,0.0,0.0,0.0,0.0,0.0,0.0,0.0,7.18,3.1,0.0,0.0,0.0,0.1,1440,16,Keeper,0.0,0.0,0.0,0.0,0.19375,0.375,50.83333333333333,84.80392156862746,71.17647058823529,65.56697552427242,True
1167220,Joan Garcia,8634,Barcelona,ESP-La Liga,0.0,25.2,0.0,9.0,1.3,0.0,0.0,0.0,0.0,0.0,0.0,0.1,0.0,0.0,0.0,7.77,2.9,0.0,0.0,0.2,0.1,1620,18,Keeper,1.0,0.3333333333333333,0.0,0.0,0.1611111111111111,0.5,53.67091503267974,74.27287581699346,70.57385620915032,64.22998584603747,True
406501,Daniel Heuer Fernandes,9790,Hamburger SV,GER-Bundesliga,0.0,38.7,0.0,6.0,0.9,0.1,0.0,0.01,0.0,0.0,0.0,0.0,0.0,0.0,0.0,6.81,3.1,0.0,0.0,0.0,0.0,1890,21,Keeper,0.0,0.0,0.0,0.0,0.14761904761904762,0.2857142857142857,67.47549019607843,61.029411764705884,59.68137254901961,63.10616886870504,True
577912,Alex Meret,9875,Napoli,ITA-Serie A,0.0,28.0,0.0,16.0,0.7,0.0,0.0,0.0,0.0,0.0,0.0,0.0,0.0,0.0,0.0,7.1,1.8,0.0,0.0,0.0,0.0,3006,34,Keeper,0.0,0.0,0.0,0.0,0.052941176470588235,0.47058823529411764,64.675,58.0,65.275,62.76926411638208,False
926445,Finn Dahmen,8406,FC Augsburg,GER-Bundesliga,0.0,29.8,1.0,4.0,1.5,0.2,0.01,0.0,0.0,0.0,0.0,0.0,0.0,0.0,0.0,6.66,2.6,3.0,0.0,0.1,0.0,1980,22,Keeper,1.0,0.0,0.0,0.0,0.11818181818181818,0.18181818181818182,63.54297385620914,50.96732026143791,75.83022875816992,62.71439894584109,True
534955,Aaron Escandell,8670,Real Oviedo,ESP-La Liga,0.0,23.3,0.0,6.0,1.4,0.1,0.0,0.0,0.0,0.0,0.0,0.0,0.0,0.0,0.0,7.24,4.5,1.0,0.0,0.0,0.0,2070,23,Keeper,0.0,0.0,0.0,0.0,0.1956521739130435,0.2608695652173913,52.03431372549019,71.56862745098039,68.1372549019608,62.07948833752722,True
415137,Alberto Paleari,9804,Torino,ITA-Serie A,0.0,21.2,0.0,6.0,1.3,0.1,0.0,0.0,0.0,0.0,0.0,0.0,0.0,0.0,0.0,6.92,2.6,0.0,0.0,0.0,0.0,1440,16,Keeper,0.0,0.0,0.0,0.0,0.1625,0.375,47.74509803921568,77.94117647058823,68.97058823529412,61.75907487850075,True
602845,Emil Audero,7801,Cremonese,ITA-Serie A,0.0,23.6,0.0,7.0,1.0,0.0,0.0,0.0,0.0,0.0,0.0,0.0,0.0,0.0,0.0,7.13,4.5,0.0,0.0,0.0,0.0,1890,21,Keeper,0.0,0.0,0.0,0.0,0.21428571428571427,0.3333333333333333,52.720588235294116,83.08823529411765,56.42156862745098,61.67192525585775,True
1281100,Noah Atubolu,8358,Sport-Club Freiburg,GER-Bundesliga,0.0,25.7,1.0,5.0,1.2,0.4,0.02,0.0,0.0,0.0,0.0,0.0,0.0,0.0,0.0,6.97,3.0,2.0,0.0,0.0,0.0,1980,22,Keeper,0.0,0.0,0.0,0.0,0.13636363636363635,0.22727272727272727,60.71552287581699,59.321895424836605,62.45571895424837,60.80734831048074,True
651910,Dominik Greif,9748,Lyon,FRA-Ligue 1,0.0,26.4,0.0,9.0,1.0,0.0,0.0,0.0,0.0,1.0,0.0,0.0,0.0,0.0,0.0,7.28,2.4,1.0,0.0,0.0,0.0,1620,18,Keeper,0.0,0.0,0.0,0.0,0.13333333333333333,0.5,55.91846405228758,64.69934640522875,62.80277777777778,60.49029709108112,True
178732,Lukasz Skorupski,9857,Bologna,ITA-Serie A,0.0,29.4,0.0,3.0,1.7,0.0,0.0,0.0,0.1,0.0,0.0,0.0,0.0,0.0,0.0,6.77,1.7,0.0,0.0,0.0,0.0,1054,13,Keeper,0.0,0.0,0.0,0.0,0.13076923076923078,0.23076923076923078,64.37336601307189,46.33169934640523,72.37924836601307,60.41296860975072,True
319784,Alisson Becker,8650,Liverpool,ENG-Premier League,0.0,24.6,0.0,7.0,1.4,0.0,0.0,0.0,0.0,0.0,0.0,0.0,0.0,0.0,0.0,6.79,2.1,0.0,0.0,0.0,0.0,1890,21,Keeper,0.0,0.0,0.0,0.0,0.1,0.3333333333333333,57.06797385620914,51.764705882352935,75.57140522875818,60.2940360172676,True
784146,Moritz Nicolas,9788,Borussia Mönchengladbach,GER-Bundesliga,0.0,22.8,1.0,8.0,0.8,0.0,0.0,0.0,0.0,0.0,0.0,0.0,0.0,0.0,0.0,7.07,3.9,2.0,0.0,0.0,0.0,1980,22,Keeper,0.0,0.0,0.0,0.0,0.17727272727272728,0.36363636363636365,56.60702614379085,75.85457516339869,50.93970588235294,59.87694030950217,True
695405,Hervé Koffi,8121,Angers,FRA-Ligue 1,0.0,20.4,0.0,8.0,1.1,0.0,0.0,0.0,0.1,0.0,0.0,0.0,0.0,0.0,0.0,7.36,3.8,0.0,0.0,0.1,0.0,1800,20,Keeper,0.5,0.0,0.0,0.0,0.19,0.4,45.514705882352935,85.5392156862745,60.3921568627451,59.86933545558908,True
556505,Robin Zentner,9905,1. FSV Mainz 05,GER-Bundesliga,0.0,18.9,1.0,9.0,1.9,0.2,0.01,0.0,0.0,0.0,0.0,0.0,0.0,0.0,0.0,7.28,3.2,3.0,0.0,0.1,0.0,2880,32,Keeper,1.0,0.0,0.0,0.0,0.1,0.28125,47.525,65.0,73.425,59.48343553624698,False
317564,Kepa Arrizabalaga,8678,Bournemouth,ENG-Premier League,0.0,20.5,0.0,8.0,1.2,0.0,0.0,0.0,0.1,0.0,0.0,0.0,0.0,0.0,0.0,6.95,3.1,1.0,0.0,0.0,0.0,2790,31,Keeper,0.0,0.0,0.0,0.0,0.1,0.25806451612903225,52.25,61.75,66.75,59.123615980501256,False
303919,Jordan Pickford,8668,Everton,ENG-Premier League,0.0,23.5,0.0,9.0,1.4,0.2,0.01,0.0,0.0,0.0,0.0,0.0,0.0,0.0,0.0,7.11,2.7,0.0,0.0,0.0,0.0,2340,26,Keeper,0.0,0.0,0.0,0.0,0.10384615384615385,0.34615384615384615,54.376633986928105,50.64542483660131,76.99117647058824,59.08255671511671,True
245555,Geronimo Rulli,8592,Marseille,FRA-Ligue 1,0.0,26.3,0.0,5.0,1.2,0.0,0.0,0.0,0.1,0.0,0.0,0.0,0.0,0.0,0.0,7.41,2.8,0.0,0.0,0.1,0.0,1620,18,Keeper,0.5,0.0,0.0,0.0,0.15555555555555556,0.2777777777777778,60.59199346405228,52.65032679738562,62.73513071895425,58.700210670421626,True
330643,Mark Flekken,8178,Bayer 04 Leverkusen,GER-Bundesliga,0.0,25.5,1.0,4.0,0.7,0.0,0.0,0.0,0.0,0.0,0.0,0.0,0.0,0.0,0.0,6.72,3.5,1.0,0.0,0.0,0.1,1500,17,Keeper,0.0,0.0,0.0,0.0,0.20588235294117646,0.23529411764705882,60.72009803921568,63.665032679738566,50.981045751633985,58.442111359116204,True
543021,Vanja Milinkovic-Savic,9875,Napoli,ITA-Serie A,0.0,28.2,1.0,7.0,0.7,0.1,0.0,0.0,0.1,0.0,0.0,0.0,0.0,0.0,0.0,7.09,1.7,2.0,0.0,0.0,0.0,1620,18,Keeper,0.0,0.0,0.0,0.0,0.09444444444444444,0.3888888888888889,61.99313725490196,50.80228758169935,61.45849673202614,58.247461980038615,True
554534,Alexander Nübel,10269,VfB Stuttgart,GER-Bundesliga,0.0,26.5,1.0,8.0,1.0,0.1,0.0,0.0,0.0,1.0,0.0,0.0,0.0,0.0,0.0,7.3,3.0,3.0,0.0,0.0,0.0,1980,22,Keeper,0.0,0.0,0.0,0.0,0.13636363636363635,0.36363636363636365,60.230555555555554,54.06372549019608,58.963235294117645,57.93925811110968,True
195782,Marco Bizot,8521,Brest,FRA-Ligue 1,0.0,20.1,0.0,10.0,1.3,0.0,0.0,0.0,0.0,0.0,0.0,0.0,0.0,0.0,0.0,6.87,2.4,0.0,0.0,0.1,0.0,2880,32,Keeper,1.0,0.0,0.0,0.0,0.075,0.3125,51.199999999999996,53.25,73.875,57.829989864876865,False
815912,Berke Özer,8639,Lille,FRA-Ligue 1,0.0,26.3,0.0,6.0,1.0,0.0,0.0,0.0,0.0,1.0,0.0,0.0,0.0,0.0,0.0,7.14,2.6,2.0,0.0,0.1,0.0,1800,20,Keeper,1.0,0.0,0.0,0.0,0.13,0.3,58.725490196078425,55.3921568627451,59.09313725490196,57.81309998965743,True
41618,Yann Sommer,8636,Internazionale,ITA-Serie A,0.0,25.3,0.0,12.0,0.4,0.0,0.0,0.0,0.0,0.0,0.0,0.0,0.0,0.0,0.0,6.89,2.0,0.0,0.0,0.0,0.0,2070,23,Keeper,0.0,0.0,0.0,0.0,0.08695652173913043,0.5217391304347826,60.37467320261437,57.127450980392155,55.01911764705883,57.749663430939066,True
1319972,Mike Penders,9848,Strasbourg,FRA-Ligue 1,0.0,35.4,0.0,6.0,0.5,0.0,0.0,0.0,0.0,0.0,0.0,0.0,0.0,0.0,0.0,6.85,2.9,0.0,0.0,0.0,0.0,1890,21,Keeper,0.0,0.0,0.0,0.0,0.1380952380952381,0.2857142857142857,67.13235294117646,57.1078431372549,47.745098039215684,57.73778405574937,True
1117310,Edoardo Corvi,10167,Parma,ITA-Serie A,0.0,22.4,0.0,4.0,0.9,0.0,0.0,0.0,0.0,0.0,0.0,0.0,0.0,0.0,0.0,6.97,2.6,0.0,0.0,0.0,0.0,1170,13,Keeper,0.0,0.0,0.0,0.0,0.2,0.3076923076923077,50.83333333333333,79.65686274509804,49.55882352941176,57.724833829381325,True
1125720,Robin Roefs,8472,Sunderland,ENG-Premier League,0.0,24.9,1.0,8.0,1.2,0.1,0.0,0.0,0.0,0.0,0.0,0.0,0.0,0.0,0.0,7.17,3.1,4.0,0.0,0.0,0.0,2340,26,Keeper,0.0,0.0,0.0,0.0,0.11923076923076924,0.3076923076923077,56.49509803921569,51.470588235294116,66.39705882352942,57.6655845428762,True
432435,Michael Zetterer,9810,Eintracht Frankfurt,GER-Bundesliga,0.0,26.6,0.0,3.0,0.6,0.0,0.0,0.0,0.0,0.0,0.0,0.0,0.0,0.0,0.0,6.4,2.1,0.0,0.0,0.0,0.0,990,11,Keeper,0.0,0.0,0.0,0.0,0.19090909090909092,0.2727272727272727,60.10931372549019,67.9656862745098,46.15408496732025,57.613818928174894,True
1013021,Marco Carnesecchi,8524,Atalanta,ITA-Serie A,0.0,21.4,0.0,10.0,1.0,0.0,0.0,0.0,0.0,0.0,0.0,0.0,0.0,0.0,0.0,7.42,3.2,0.0,0.0,0.0,0.0,2250,25,Keeper,0.0,0.0,0.0,0.0,0.128,0.4,47.72320261437907,66.63398692810458,62.84411764705882,57.29015034316866,True
178778,Oliver Baumann,8226,TSG 1899 Hoffenheim,GER-Bundesliga,0.0,26.9,0.0,6.0,1.1,0.1,0.01,0.0,0.0,0.0,0.0,0.0,0.0,0.0,0.0,7.18,3.1,0.0,0.0,0.0,0.1,1980,22,Keeper,0.0,0.0,0.0,0.0,0.1409090909090909,0.2727272727272727,58.81454248366013,53.35130718954249,59.204248366013076,57.232572908273376,True
1352996,Mio Backhaus,8697,SV Werder Bremen,GER-Bundesliga,0.0,27.1,0.0,3.0,1.3,0.0,0.0,0.0,0.0,0.0,0.0,0.0,0.0,0.0,0.0,6.82,3.4,0.0,0.0,0.0,0.0,1800,20,Keeper,0.0,0.0,0.0,0.0,0.16999999999999998,0.15,61.64215686274508,48.77450980392157,59.92647058823529,56.976348748670716,True
789571,Robert Sánchez,8455,Chelsea,ENG-Premier League,0.0,26.8,2.0,9.0,0.7,0.1,0.0,0.0,0.1,1.0,0.0,0.0,0.0,0.0,0.0,7.29,2.7,5.0,0.0,0.0,0.0,2165,25,Keeper,0.0,0.0,0.0,0.0,0.10800000000000001,0.36,58.29640522875817,54.263071895424844,56.97826797385621,56.66577019008007,True
279714,Brice Samba,9851,Rennes,FRA-Ligue 1,0.0,27.1,0.0,5.0,0.7,0.0,0.0,0.0,0.0,0.0,0.0,0.0,0.0,0.0,0.0,6.85,3.0,2.0,0.0,0.0,0.0,1890,21,Keeper,0.0,0.0,0.0,0.0,0.14285714285714285,0.23809523809523808,61.486437908496725,58.653594771241835,48.89558823529412,56.595386013915295,True
364822,Ivan Provedel,8543,Lazio,ITA-Serie A,0.0,24.2,1.0,11.0,0.9,0.0,0.0,0.0,0.0,0.0,0.0,0.0,0.0,0.0,0.0,7.29,3.4,1.0,0.0,0.0,0.0,2250,25,Keeper,0.0,0.0,0.0,0.0,0.136,0.44,57.72107843137255,54.97875816993464,56.323692810457516,56.46763369834011,True
1075429,Jonathan Fischer,8550,Metz,FRA-Ligue 1,0.0,29.7,0.0,4.0,1.0,0.0,0.0,0.0,0.0,0.0,0.0,0.0,0.0,0.0,0.0,6.76,3.8,1.0,0.0,0.0,0.0,1903,22,Keeper,0.0,0.0,0.0,0.0,0.17272727272727273,0.18181818181818182,64.38725490196079,51.470588235294116,50.196078431372555,55.87128245214624,True
268375,Emiliano Martinez,10252,Aston Villa,ENG-Premier League,0.0,28.0,0.0,6.0,1.0,0.1,0.0,0.0,0.0,0.0,0.0,0.0,0.0,0.0,0.0,7.26,3.0,0.0,0.0,0.0,0.0,1935,22,Keeper,0.0,0.0,0.0,0.0,0.13636363636363635,0.2727272727272727,63.04771241830065,48.37418300653595,54.08676470588236,55.61335909594252,True
466436,Mory Diaw,9746,Le Havre,FRA-Ligue 1,0.0,23.9,1.0,5.0,1.0,0.0,0.0,0.0,0.0,1.0,0.0,0.1,0.0,0.0,0.0,6.88,2.6,3.0,0.0,0.1,0.0,1575,18,Keeper,1.0,0.5,0.0,0.0,0.14444444444444446,0.2777777777777778,53.92156862745098,58.33333333333334,53.89705882352941,55.20133299736851,True
768474,Mile Svilar,8686,Roma,ITA-Serie A,0.0,21.6,0.0,11.0,0.4,0.0,0.0,0.0,0.0,0.0,0.0,0.0,0.0,0.0,0.0,7.31,3.0,0.0,0.0,0.1,0.0,2250,25,Keeper,1.0,0.0,0.0,0.0,0.12,0.44,53.02696078431372,66.05718954248366,47.525163398692804,54.80899110608576,True
764018,Gregor Kobel,9789,Borussia Dortmund,GER-Bundesliga,0.0,22.1,0.0,11.0,0.6,0.1,0.0,0.0,0.0,0.0,0.0,0.0,0.0,0.0,0.0,7.24,2.5,0.0,0.0,0.0,0.0,1980,22,Keeper,0.0,0.0,0.0,0.0,0.11363636363636363,0.5,54.240522875816986,57.16339869281046,53.0954248366013,54.7497436013185,True
466439,Mike Maignan,8564,Milan,ITA-Serie A,0.0,23.9,0.0,9.0,0.5,0.0,0.0,0.0,0.0,0.0,0.0,0.0,0.0,0.0,0.0,7.36,2.8,0.0,0.0,0.0,0.1,2126,24,Keeper,0.0,0.0,0.0,0.0,0.11666666666666665,0.375,58.20604575163399,55.50816993464053,49.72107843137255,54.73390993444482,True
170323,Thibaut Courtois,8633,Real Madrid,ESP-La Liga,0.0,23.7,1.0,11.0,0.6,0.0,0.0,0.0,0.0,0.0,0.0,0.0,0.0,0.0,0.0,7.15,2.1,1.0,0.0,0.0,0.0,2160,24,Keeper,0.0,0.0,0.0,0.0,0.08750000000000001,0.4583333333333333,54.015196078431366,56.82679738562092,53.350163398692814,54.6402985020987,True
793041,Federico Ravaglia,9857,Bologna,ITA-Serie A,0.0,30.9,0.0,2.0,1.3,0.0,0.0,0.0,0.1,0.0,0.0,0.1,0.0,0.0,0.0,6.82,3.7,0.0,0.0,0.2,0.1,1109,13,Keeper,0.7500000000000001,0.3333333333333333,0.0,1.0,0.2846153846153846,0.15384615384615385,55.719444444444434,54.29248366013072,52.22581699346406,54.223830835821104,True
1042347,Diant Ramaj,94937,1. FC Heidenheim 1846,GER-Bundesliga,0.0,32.1,0.0,0.0,1.7,0.1,0.01,0.0,0.1,0.0,0.0,0.0,0.0,0.0,0.0,6.44,3.3,0.0,0.0,0.0,0.0,1980,22,Keeper,0.0,0.0,0.0,0.0,0.15,0.0,66.7892156862745,32.843137254901954,67.64705882352942,54.18643806463789,True
538501,Guglielmo Vicario,8586,Tottenham Hotspur,ENG-Premier League,0.0,24.2,0.0,7.0,1.2,0.0,0.0,0.0,0.0,0.0,0.0,0.0,0.0,0.0,0.0,6.87,2.7,0.0,0.0,0.0,0.0,2340,26,Keeper,0.0,0.0,0.0,0.0,0.10384615384615385,0.2692307692307692,57.95441176470589,41.52287581699347,64.59967320261438,54.17387789070821,True
951919,Timon Weiner,8150,Holstein Kiel,GER-Bundesliga,0.0,22.7,0.0,2.0,1.2,0.0,0.0,0.0,0.0,0.0,0.0,0.0,0.0,0.0,0.0,6.08,3.4,0.0,0.0,0.0,0.0,2250,25,Keeper,0.0,0.0,0.0,0.0,0.136,0.08,55.92499999999999,50.5,55.57500000000001,54.13693346751812,False
1127125,Obed Nkambadio,6379,Paris FC,FRA-Ligue 1,0.0,31.7,0.0,1.0,1.0,0.0,0.0,0.0,0.0,0.0,0.0,0.0,0.0,0.0,0.0,6.12,2.1,1.0,0.0,0.0,0.0,990,11,Keeper,0.0,0.0,0.0,0.0,0.19090909090909092,0.09090909090909091,66.10294117647058,47.30392156862745,47.15686274509804,54.02825345051504,True
1418816,Kaua,9810,Eintracht Frankfurt,GER-Bundesliga,0.0,23.1,0.0,1.0,1.7,0.0,0.0,0.0,0.0,0.0,0.0,0.0,0.0,0.0,0.0,5.8,2.6,0.0,0.0,0.1,0.1,990,11,Keeper,1.0,0.0,0.0,0.0,0.23636363636363636,0.09090909090909091,51.69117647058823,52.20588235294118,58.48039215686275,53.800397154252444,True
27299,Manuel Neuer,9823,Bayern München,GER-Bundesliga,0.0,27.7,0.0,5.0,0.6,0.0,0.0,0.0,0.0,0.0,0.0,0.0,0.0,0.0,0.0,6.86,1.4,0.0,0.0,0.0,0.0,1575,18,Keeper,0.0,0.0,0.0,0.0,0.07777777777777778,0.2777777777777778,64.043954248366,42.73529411764705,52.07581699346405,53.31115506422272,True
280484,Nick Pope,10261,Newcastle United,ENG-Premier League,0.0,13.2,0.0,7.0,1.5,0.0,0.0,0.0,0.0,0.0,0.0,0.0,0.0,0.0,0.0,7.0,3.0,0.0,0.0,0.1,0.0,1787,20,Keeper,1.0,0.0,0.0,0.0,0.15,0.35,37.22205882352941,68.7516339869281,66.62173202614379,53.28314360969723,True
359203,Patrick Drewes,9911,VfL Bochum 1848,GER-Bundesliga,0.0,24.2,0.0,2.0,0.9,0.0,0.0,0.0,0.1,0.0,0.0,0.0,0.0,0.0,0.0,6.49,2.6,0.0,0.0,0.0,0.0,1800,20,Keeper,0.0,0.0,0.0,0.0,0.13,0.1,59.42499999999999,51.25,47.875,53.275615168358165,False
466867,Nikola Vasilj,8152,FC St. Pauli,GER-Bundesliga,0.0,24.5,0.0,3.0,1.0,0.0,0.0,0.0,0.0,0.0,0.0,0.0,0.0,0.0,0.0,6.71,3.4,0.0,0.0,0.0,0.0,1980,22,Keeper,0.0,0.0,0.0,0.0,0.15454545454545454,0.13636363636363635,58.88088235294117,46.12418300653595,53.600163398692814,53.20080010583833,True
1067256,Djordje Petrovic,8678,Bournemouth,ENG-Premier League,0.0,15.2,0.0,6.0,1.8,0.0,0.0,0.0,0.0,0.0,0.0,0.0,0.0,0.0,0.0,6.75,3.1,0.0,0.0,0.0,0.0,2340,26,Keeper,0.0,0.0,0.0,0.0,0.11923076923076924,0.23076923076923078,47.46127450980392,51.490196078431374,63.6874183006536,53.12136371105395,True
618878,Gianluigi Donnarumma,8456,Manchester City,ENG-Premier League,0.0,21.2,0.0,10.0,1.4,0.0,0.0,0.0,0.0,0.0,0.0,0.0,0.0,0.0,0.0,7.23,2.3,0.0,0.0,0.0,0.1,2070,23,Keeper,0.0,0.0,0.0,0.0,0.09999999999999999,0.43478260869565216,48.605065359477116,48.14705882352941,64.12107843137255,52.667631308982486,True
1091193,Maduka Okoye,8600,Udinese,ITA-Serie A,0.0,20.7,0.0,4.0,1.2,0.0,0.0,0.0,0.1,0.0,0.0,0.0,0.0,0.0,0.0,7.02,2.8,1.0,0.0,0.0,0.0,1447,17,Keeper,0.0,0.0,0.0,0.0,0.16470588235294117,0.23529411764705882,51.12026143790848,57.029411764705884,50.078431372549026,52.500339174895586,True
683762,Sergio Herrera,8371,Osasuna,ESP-La Liga,0.0,19.0,0.0,6.0,1.4,0.1,0.0,0.0,0.0,0.0,0.0,0.0,0.0,0.0,0.0,7.28,3.6,0.0,0.0,0.0,0.0,2160,24,Keeper,0.0,0.0,0.0,0.0,0.15,0.25,45.57058823529411,54.58169934640523,59.593300653594774,52.1371397113876,True
766574,Yehvann Diouf,9831,Nice,FRA-Ligue 1,0.0,20.6,0.0,2.0,1.4,0.0,0.0,0.0,0.0,0.0,0.0,0.0,0.0,0.0,0.0,6.86,3.9,0.0,0.0,0.0,0.1,1440,16,Keeper,0.0,0.0,0.0,0.0,0.24375,0.125,48.56045751633986,56.264705882352935,52.75098039215686,52.02991117660127,True
1177131,Lucas Chevalier,9847,Paris Saint-Germain,FRA-Ligue 1,0.0,20.6,0.0,9.0,0.5,0.0,0.0,0.0,0.0,0.0,0.0,0.0,0.0,0.0,0.0,6.99,1.9,0.0,0.0,0.0,0.0,1530,17,Keeper,0.0,0.0,0.0,0.0,0.11176470588235293,0.5294117647058824,48.96879084967319,62.98366013071895,45.819607843137256,51.76682519943415,True
621415,Augusto Batalla,8370,Rayo Vallecano,ESP-La Liga,0.0,23.7,0.0,7.0,0.8,0.1,0.0,0.0,0.0,0.0,0.0,0.0,0.0,0.0,0.0,6.93,2.8,2.0,0.0,0.0,0.1,2070,23,Keeper,0.0,0.0,0.0,0.0,0.1217391304347826,0.30434782608695654,53.08186274509804,54.127450980392155,47.76683006535948,51.729902621861335,True
760722,Kamil Grabara,8721,VfL Wolfsburg,GER-Bundesliga,0.0,25.0,0.0,1.0,1.3,0.1,0.0,0.0,0.0,0.0,0.0,0.0,0.0,0.0,0.0,6.86,3.4,2.0,0.0,0.0,0.0,1980,22,Keeper,0.0,0.0,0.0,0.0,0.15454545454545454,0.045454545454545456,57.23382352941176,40.93627450980392,54.8124183006536,51.09251580301113,True
746395,Aaron Ramsdale,8466,Southampton,ENG-Premier League,0.0,21.5,0.0,3.0,0.9,0.1,0.0,0.0,0.0,0.0,0.0,0.1,0.0,0.0,0.0,6.62,4.2,0.0,0.0,0.0,0.0,2700,30,Keeper,1.0,1.0,0.0,0.0,0.14,0.1,54.349999999999994,53.75,44.25,50.92925724580458,False
562727,David Raya,9825,Arsenal,ENG-Premier League,0.0,19.6,0.0,13.0,0.8,0.1,0.0,0.0,0.0,0.0,0.0,0.0,0.0,0.0,0.0,7.08,1.4,3.0,0.0,0.0,0.0,2430,27,Keeper,0.0,0.0,0.0,0.0,0.05185185185185185,0.48148148148148145,48.76062091503267,50.25,53.3625816993464,50.552141798483476,True
967941,Mads Hermansen,8197,Leicester City,ENG-Premier League,0.0,19.8,0.0,1.0,1.2,0.0,0.0,0.0,0.0,0.0,0.0,0.0,0.0,0.0,0.0,6.69,3.9,0.0,0.0,0.0,0.0,2385,27,Keeper,0.0,0.0,0.0,0.0,0.14444444444444443,0.037037037037037035,49.79999999999999,51.0,50.300000000000004,50.30755207849495,False
673050,Gautier Larsonneur,9853,St Etienne,FRA-Ligue 1,0.0,19.3,0.0,5.0,1.2,0.0,0.0,0.0,0.0,0.0,0.0,0.0,0.0,0.0,0.0,6.8,4.0,1.0,0.0,0.0,0.0,3033,34,Keeper,0.0,0.0,0.0,0.0,0.11764705882352941,0.14705882352941177,48.04999999999999,50.5,52.800000000000004,50.17125294960691,False
278285,Paulo Gazzaniga,7732,Girona,ESP-La Liga,0.0,22.2,0.0,4.0,1.4,0.0,0.0,0.0,0.0,0.0,0.0,0.0,0.0,0.0,0.0,6.81,3.3,0.0,0.0,0.0,0.0,1843,21,Keeper,0.0,0.0,0.0,0.0,0.15714285714285714,0.19047619047619047,52.48366013071895,44.27287581699346,52.62532679738562,49.91250968548788,True
573465,Marvin Schwäbe,8722,1. FC Köln,GER-Bundesliga,0.0,32.0,1.0,3.0,1.0,0.1,0.01,0.0,0.0,0.0,0.0,0.0,0.0,0.0,0.0,6.86,3.1,1.0,0.0,0.0,0.0,1980,22,Keeper,0.0,0.0,0.0,0.0,0.1409090909090909,0.13636363636363635,66.44607843137254,34.31372549019608,49.46078431372549,49.87769821743648,True
416175,José Sá,8602,Wolverhampton Wanderers,ENG-Premier League,0.0,18.9,0.0,3.0,1.9,0.1,0.0,0.0,0.0,0.0,0.0,0.0,0.0,0.0,0.0,6.55,2.5,1.0,0.0,0.0,0.0,1350,15,Keeper,0.0,0.0,0.0,0.0,0.16666666666666666,0.2,43.066830065359476,52.77450980392157,56.62892156862745,49.69307966384249,True
760752,Arijanet Muric,7943,Sassuolo,ITA-Serie A,0.0,18.6,0.0,5.0,1.4,0.1,0.0,0.0,0.0,0.0,0.0,0.0,0.0,0.0,0.0,7.28,3.8,0.0,0.0,0.0,0.0,2160,24,Keeper,0.0,0.0,0.0,0.0,0.15833333333333333,0.20833333333333334,42.42647058823529,53.67647058823529,56.127450980392155,49.51565669678233,True
274787,Yvon Mvogo,8689,Lorient,FRA-Ligue 1,0.0,27.1,0.0,4.0,0.9,0.0,0.0,0.0,0.0,0.0,0.0,0.1,0.0,0.0,0.0,6.88,2.3,0.0,0.0,0.0,0.1,1710,19,Keeper,1.0,1.0,0.0,0.0,0.12105263157894736,0.21052631578947367,61.64215686274508,37.74509803921569,48.01470588235294,49.36527716282516,True
185644,Mathew Ryan,8581,Levante,ESP-La Liga,0.0,22.1,0.0,4.0,1.2,0.0,0.0,0.01,0.0,0.0,0.0,0.0,0.0,0.0,0.0,6.99,3.7,0.0,0.1,0.0,0.0,1980,22,Keeper,0.0,0.0,0.0,0.0,0.16818181818181818,0.18181818181818182,49.46078431372548,50.49019607843137,47.696078431372555,49.22790100279278,True
872934,Philipp Köhn,9829,Monaco,FRA-Ligue 1,0.0,19.7,0.0,4.0,0.5,0.0,0.0,0.0,0.0,0.0,0.0,0.1,0.0,0.0,0.0,6.64,2.5,0.0,0.0,0.0,0.0,1349,16,Keeper,1.0,1.0,0.0,0.0,0.15625,0.25,45.48937908496732,69.62581699346406,37.86323529411765,48.91706716659152,True
177126,Jan Oblak,9906,Atlético de Madrid,ESP-La Liga,0.0,22.0,0.0,9.0,0.8,0.0,0.0,0.0,0.0,0.0,0.0,0.0,0.0,0.0,0.0,7.07,2.2,0.0,0.0,0.0,0.0,2070,23,Keeper,0.0,0.0,0.0,0.0,0.09565217391304348,0.391304347826087,46.78071895424836,51.03267973856209,48.89150326797386,48.65766748186653,True
167035,Anthony Lopes,9830,Nantes,FRA-Ligue 1,0.0,24.0,0.0,3.0,1.2,0.0,0.0,0.0,0.0,0.0,0.0,0.0,0.0,0.0,0.0,6.79,3.3,0.0,0.0,0.0,0.0,1889,21,Keeper,0.0,0.0,0.0,0.0,0.15714285714285714,0.14285714285714285,50.84918300653595,49.25490196078431,44.49852941176471,48.38961057897887,True
1390336,Robin Risser,8588,Lens,FRA-Ligue 1,0.0,20.5,0.0,9.0,0.4,0.0,0.0,0.0,0.0,1.0,0.0,0.0,0.0,0.0,0.0,7.44,2.6,2.0,0.0,0.0,0.0,1980,22,Keeper,0.0,0.0,0.0,0.0,0.11818181818181818,0.4090909090909091,46.02941176470587,60.78431372549019,38.995098039215684,47.60522588666824,True
719330,Dean Henderson,9826,Crystal Palace,ENG-Premier League,0.0,17.5,0.0,9.0,1.3,0.1,0.0,0.0,0.0,0.0,0.0,0.1,0.0,0.0,0.0,7.05,2.6,1.0,0.0,0.0,0.0,2340,26,Keeper,1.0,1.0,0.0,0.0,0.1,0.34615384615384615,41.46781045751633,44.584967320261434,60.632352941176464,47.495482540020184,True
1280020,Julen Agirrezabala,10267,Valencia CF,ESP-La Liga,0.0,19.1,0.0,4.0,1.4,0.0,0.0,0.0,0.0,0.0,0.0,0.0,0.0,0.0,0.0,6.94,3.0,1.0,0.0,0.1,0.0,1620,18,Keeper,1.0,0.0,0.0,0.0,0.16666666666666666,0.2222222222222222,41.307679738562086,53.89869281045751,49.19542483660131,47.147992400005705,True
982692,Karl Hein,10281,Real Valladolid,ESP-La Liga,0.0,23.3,0.0,5.0,0.7,0.1,0.0,0.0,0.0,0.0,0.0,0.0,0.0,0.0,0.0,6.46,3.1,0.0,0.0,0.0,0.0,2790,31,Keeper,0.0,0.0,0.0,0.0,0.1,0.16129032258064516,56.974999999999994,45.75,37.575,47.082634946835654,False
109222,Vicente Guaita,9910,Celta de Vigo,ESP-La Liga,0.0,17.8,0.0,8.0,1.2,0.0,0.0,0.0,0.0,0.0,0.0,0.0,0.0,0.0,0.0,6.61,2.4,0.0,0.0,0.0,0.0,3060,34,Keeper,0.0,0.0,0.0,0.0,0.07058823529411765,0.23529411764705882,45.599999999999994,38.25,60.050000000000004,46.981758964923046,False
362200,Wladimiro Falcone,9888,Lecce,ITA-Serie A,0.0,13.8,0.0,8.0,1.3,0.1,0.0,0.0,0.0,0.0,0.0,0.0,0.0,0.0,0.0,7.18,2.7,1.0,0.0,0.1,0.0,2250,25,Keeper,1.0,0.0,0.0,0.0,0.10800000000000001,0.32,38.31666666666666,48.46895424836601,58.7452614379085,46.739712374199804,True
304355,Odysseas Vlachodimos,8302,Sevilla,ESP-La Liga,0.0,20.5,0.0,3.0,1.3,0.0,0.0,0.0,0.0,0.0,0.0,0.1,0.0,0.0,0.0,6.89,3.2,0.0,0.0,0.0,0.0,1800,20,Keeper,1.0,1.0,0.0,0.0,0.16,0.15,46.02941176470587,45.34313725490196,48.77450980392157,46.625715944981934,True
1187044,Luiz Junior,10205,Villarreal,ESP-La Liga,0.0,16.1,0.0,8.0,2.2,0.0,0.0,0.0,0.0,0.0,0.0,0.0,0.0,0.0,0.0,7.16,2.4,0.0,0.0,0.0,0.0,1890,21,Keeper,0.0,0.0,0.0,0.0,0.11428571428571428,0.38095238095238093,37.64754901960783,49.671568627450974,57.868300653594765,46.54352420290313,True
766062,Michele Di Gregorio,9885,Juventus,ITA-Serie A,0.0,17.7,0.0,9.0,0.3,0.0,0.0,0.0,0.0,0.0,0.0,0.0,0.0,0.0,0.0,7.1,2.1,0.0,0.0,0.0,0.0,1980,22,Keeper,0.0,0.0,0.0,0.0,0.09545454545454546,0.4090909090909091,43.61928104575163,52.51307189542484,44.70588235294118,46.45805563953727,True
660625,Unai Simon,8315,Athletic Club,ESP-La Liga,0.0,17.5,0.0,5.0,1.1,0.1,0.0,0.0,0.0,0.0,0.0,0.0,0.0,0.0,0.0,7.09,2.8,1.0,0.0,0.0,0.0,2160,24,Keeper,0.0,0.0,0.0,0.0,0.11666666666666665,0.20833333333333334,41.70114379084966,50.56209150326797,48.63774509803921,46.26991754986472,True
747079,Adrian Semper,6479,Pisa,ITA-Serie A,0.0,18.3,0.0,4.0,0.9,0.0,0.0,0.0,0.0,0.0,0.0,0.0,0.0,0.0,0.0,6.88,3.5,0.0,0.0,0.0,0.0,1530,17,Keeper,0.0,0.0,0.0,0.0,0.20588235294117646,0.23529411764705882,41.397058823529406,68.87254901960785,35.90686274509804,46.21201228434904,True
1131987,Bart Verbruggen,10204,Brighton and Hove Albion,ENG-Premier League,0.0,31.2,0.0,5.0,0.8,0.1,0.0,0.0,0.1,0.0,0.0,0.0,0.0,0.0,0.0,6.92,2.8,1.0,0.0,0.0,0.0,2340,26,Keeper,0.0,0.0,0.0,0.0,0.10769230769230768,0.19230769230769232,63.82320261437908,25.84313725490196,52.26911764705883,45.83197349985551,True
280818,Marko Dmitrovic,8558,Espanyol,ESP-La Liga,0.0,14.8,0.0,7.0,0.8,0.1,0.01,0.0,0.0,0.0,0.0,0.0,0.0,0.0,0.0,6.99,3.0,1.0,0.0,0.1,0.0,2160,24,Keeper,1.0,0.0,0.0,0.0,0.125,0.2916666666666667,37.89918300653594,58.63071895424836,46.106862745098034,45.8162117021129,True
181069,Matz Sels,10203,Nottingham Forest,ENG-Premier League,0.0,14.3,0.0,4.0,1.1,0.1,0.0,0.0,0.0,0.0,0.0,0.0,0.0,0.0,0.0,6.78,3.0,1.0,0.0,0.1,0.0,1677,20,Keeper,1.0,0.0,0.0,0.0,0.15,0.2,37.787091503267966,53.36928104575163,48.93267973856209,45.29022641505309,True
210164,Alphonse Areola,8654,West Ham United,ENG-Premier League,0.0,12.6,0.0,0.0,1.5,0.0,0.0,0.0,0.1,1.0,0.0,0.1,0.0,0.0,0.0,6.57,3.9,1.0,0.0,0.0,0.0,1800,20,Keeper,0.5,1.0,0.0,0.0,0.195,0.0,42.00996732026143,48.802287581699346,46.32794117647058,45.250761444288294,True
864145,Grégoire Coudert,8521,Brest,FRA-Ligue 1,0.0,17.3,0.0,3.0,0.9,0.0,0.0,0.0,0.0,0.0,0.0,0.0,0.0,0.0,0.0,7.03,3.2,0.0,0.0,0.0,0.1,1111,13,Keeper,0.0,0.0,0.0,0.0,0.24615384615384617,0.23076923076923078,40.02450980392156,69.8529411764706,33.89705882352941,45.00227019413171,True
958422,Elia Caprile,8529,Cagliari,ITA-Serie A,0.0,18.5,0.0,5.0,0.8,0.0,0.0,0.0,0.0,0.0,0.0,0.0,0.0,0.0,0.0,7.02,3.6,1.0,0.0,0.0,0.0,2250,25,Keeper,0.0,0.0,0.0,0.0,0.14400000000000002,0.2,45.99722222222221,54.58169934640523,35.845588235294116,44.93010892985596,True
279866,Donovan Léon,8583,Auxerre,FRA-Ligue 1,0.0,15.4,0.0,5.0,0.7,0.0,0.0,0.0,0.1,0.0,0.0,0.0,0.0,0.0,0.0,6.92,3.6,1.0,0.0,0.1,0.1,1755,20,Keeper,0.5,0.0,0.0,1.0,0.18,0.25,39.056699346405225,68.53431372549021,34.8125816993464,44.66542856905868,True
1524210,Guillaume Restes,9941,Toulouse,FRA-Ligue 1,0.0,16.4,0.0,8.0,1.1,0.1,0.0,0.0,0.0,0.0,0.0,0.0,0.0,0.0,0.0,6.95,2.2,1.0,0.0,0.0,0.0,1980,22,Keeper,0.0,0.0,0.0,0.0,0.1,0.36363636363636365,40.96797385620914,45.88562091503268,48.7454248366013,44.654058404615895,True
73409,Ørjan Håskjold Nyland,8302,Sevilla,ESP-La Liga,0.0,17.6,2.0,7.0,0.8,0.1,0.0,0.0,0.0,0.0,0.0,0.0,0.0,0.0,0.0,6.79,2.5,4.0,0.0,0.1,0.0,2674,30,Keeper,1.0,0.0,0.0,0.0,0.08333333333333333,0.23333333333333334,44.54999999999999,47.5,41.75,44.539374147858744,False
215168,Bernd Leno,9879,Fulham,ENG-Premier League,0.0,28.3,0.0,5.0,1.2,0.0,0.0,0.0,0.0,0.0,0.0,0.0,0.0,0.0,0.0,6.75,2.6,0.0,0.0,0.2,0.0,2340,26,Keeper,1.0,0.0,0.0,0.0,0.1,0.19230769230769232,62.98022875816992,22.88562091503268,54.318464052287574,44.46668437057322,True
948800,Giorgi Mamardashvili,10267,Valencia CF,ESP-La Liga,0.0,17.7,0.0,8.0,0.8,0.1,0.0,0.0,0.0,0.0,0.0,0.0,0.0,0.0,0.0,6.89,2.7,2.0,0.0,0.1,0.0,3060,34,Keeper,1.0,0.0,0.0,0.0,0.07941176470588236,0.23529411764705882,45.074999999999996,45.5,42.575,44.43489007670015,False
66757,Lukas Hradecky,8178,Bayer 04 Leverkusen,GER-Bundesliga,0.0,20.0,0.0,6.0,0.3,0.0,0.0,0.0,0.0,0.0,0.0,0.0,0.0,0.0,0.0,6.85,2.9,0.0,0.0,0.0,0.0,2610,29,Keeper,0.0,0.0,0.0,0.0,0.09999999999999999,0.20689655172413793,50.67499999999999,50.5,32.25,44.2042302179321,False
213299,Nicola Leali,10233,Genoa,ITA-Serie A,0.0,16.0,0.0,4.0,0.7,0.0,0.0,0.0,0.1,0.0,0.0,0.1,0.0,0.0,0.0,6.92,2.9,2.0,0.0,0.1,0.0,1713,20,Keeper,0.6666666666666666,0.5,0.0,0.0,0.145,0.2,41.32712418300653,55.735294117647065,36.30686274509804,43.48402935866914,True
1022354,Diego Conde,10205,Villarreal,ESP-La Liga,0.0,18.8,1.0,2.0,0.8,0.0,0.0,0.0,0.0,1.0,0.0,0.0,0.0,0.0,0.0,6.64,2.9,2.0,0.0,0.1,0.0,1963,22,Keeper,1.0,0.0,0.0,0.0,0.1318181818181818,0.09090909090909091,47.17499999999999,51.0,32.825,43.312897412447946,False
776689,Caoimhin Kelleher,9937,Brentford,ENG-Premier League,0.0,22.3,0.0,6.0,1.2,0.1,0.0,0.0,0.1,0.0,0.0,0.0,0.0,0.0,0.0,6.86,2.7,2.0,0.0,0.0,0.0,2340,26,Keeper,0.0,0.0,0.0,0.0,0.10384615384615385,0.23076923076923078,45.65408496732025,36.43790849673203,47.36274509803922,43.140874970680464,True
72241,Martin Dubravka,8191,Burnley,ENG-Premier League,0.0,18.4,0.0,3.0,1.9,0.1,0.0,0.0,0.0,0.0,0.0,0.0,0.0,0.0,0.0,6.86,3.8,0.0,0.0,0.0,0.0,2340,26,Keeper,0.0,0.0,0.0,0.0,0.14615384615384613,0.11538461538461539,41.74019607843137,34.80392156862745,53.65196078431373,42.61729962353248,True
581919,David Soria,8305,Getafe,ESP-La Liga,0.0,13.3,0.0,6.0,1.2,0.1,0.0,0.0,0.0,0.0,0.0,0.0,0.0,0.0,0.0,6.95,3.1,1.0,0.0,0.0,0.0,2160,24,Keeper,0.0,0.0,0.0,0.0,0.12916666666666668,0.25,37.21748366013072,43.45588235294118,47.27826797385621,41.8901428806419,True
616539,Alex Remiro,8560,Real Sociedad,ESP-La Liga,0.0,24.1,0.0,1.0,1.1,0.1,0.0,0.0,0.0,0.0,0.0,0.0,0.0,0.0,0.0,6.68,2.3,3.0,0.0,0.0,0.0,2160,24,Keeper,0.0,0.0,0.0,0.0,0.09583333333333333,0.041666666666666664,55.686274509803916,23.395424836601308,51.050653594771234,41.82528783230745,True
637656,Lucas Perri,8463,Leeds United,ENG-Premier League,0.0,18.7,0.0,3.0,1.0,0.0,0.0,0.0,0.1,0.0,0.0,0.0,0.0,0.0,0.0,6.58,2.4,0.0,0.0,0.0,0.0,1440,16,Keeper,0.0,0.0,0.0,0.0,0.15,0.1875,42.76960784313725,44.11764705882352,35.63725490196078,40.87041832545749,True
186557,Frederik Rønnow,8149,1. FC Union Berlin,GER-Bundesliga,0.0,16.7,0.0,4.0,0.8,0.1,0.0,0.0,0.0,0.0,0.0,0.0,0.0,0.0,0.0,6.68,2.6,2.0,0.0,0.0,0.0,1980,22,Keeper,0.0,0.0,0.0,0.0,0.11818181818181818,0.18181818181818182,41.189869281045745,40.96732026143791,39.42401960784314,40.585948805012755,True
279714,Brice Samba,9851,Rennes,FRA-Ligue 1,0.0,27.1,0.0,5.0,0.7,0.0,0.0,0.0,0.0,0.0,0.0,0.0,0.0,0.0,0.0,6.85,3.0,2.0,0.0,0.0,0.0,1890,21,Keeper,0.0,0.0,0.0,0.0,0.14285714285714285,0.23809523809523808,53.20310457516339,35.98692810457516,31.503921568627447,40.43222192672432,True
681213,Ionut Andrei Radu,9910,Celta de Vigo,ESP-La Liga,0.0,16.5,0.0,7.0,1.0,0.0,0.0,0.0,0.0,0.0,0.0,0.0,0.0,0.0,0.0,6.96,2.9,0.0,0.0,0.0,0.0,2160,24,Keeper,0.0,0.0,0.0,0.0,0.12083333333333333,0.2916666666666667,38.105065359477116,44.8235294117647,37.639215686274504,39.859979305799506,True
210114,Benjamin Lecomte,10249,Montpellier,FRA-Ligue 1,0.0,19.4,0.0,1.0,0.7,0.1,0.0,0.0,0.0,0.0,0.0,0.0,0.0,0.0,0.0,6.48,3.7,4.0,0.0,0.0,0.0,2673,30,Keeper,0.0,0.0,0.0,0.0,0.12333333333333334,0.03333333333333333,48.74999999999999,45.5,26.299999999999997,39.680760915065,False
182917,David de Gea,8535,Fiorentina,ITA-Serie A,0.0,19.2,0.0,3.0,0.5,0.0,0.0,0.0,0.0,0.0,0.0,0.0,0.0,0.0,0.0,6.48,3.1,0.0,0.0,0.0,0.0,2250,25,Keeper,0.0,0.0,0.0,0.0,0.124,0.12,46.49477124183006,36.65359477124183,30.734313725490196,38.23698796763451,True
1187702,Leo Román,8661,Mallorca,ESP-La Liga,0.0,19.4,0.0,1.0,0.8,0.1,0.0,0.0,0.1,0.0,0.0,0.1,0.0,0.0,0.0,6.74,3.6,0.0,0.0,0.1,0.0,1710,19,Keeper,0.6666666666666666,0.5,0.0,0.0,0.18947368421052632,0.05263157894736842,44.48529411764705,45.09803921568627,22.67156862745098,36.490377427354055,True
1053679,Zion Suzuki,10167,Parma,ITA-Serie A,0.0,0.0,0.0,3.0,0.0,0.1,0.0,0.0,0.0,0.0,0.0,0.0,0.0,0.0,0.0,0.0,0.0,0.0,0.0,0.0,0.0,990,11,Keeper,0.0,0.0,0.0,0.0,0.0,0.2727272727272727,40.85931372549019,29.61437908496732,34.50555555555555,35.26419089690682,True
491784,Lorenzo Montipo,9876,Verona,ITA-Serie A,0.0,11.8,1.0,4.0,0.8,0.1,0.0,0.0,0.0,0.0,0.0,0.0,0.0,0.0,0.0,6.56,2.8,2.0,0.0,0.0,0.0,1980,22,Keeper,0.0,0.0,0.0,0.0,0.12727272727272726,0.18181818181818182,36.64787581699346,35.318627450980394,32.92973856209151,35.09919475448912,True
530468,Antonio Sivera,9866,Alavés,ESP-La Liga,0.0,13.4,0.0,3.0,1.1,0.1,0.0,0.0,0.0,0.0,0.0,0.0,0.0,0.0,0.0,6.88,2.5,0.0,0.0,0.1,0.0,2160,24,Keeper,1.0,0.0,0.0,0.0,0.10416666666666667,0.125,37.796241830065355,25.947712418300654,40.53872549019608,34.48023345214185,True
1178602,Senne Lammens,10260,Manchester United,ENG-Premier League,0.0,16.7,0.0,4.0,0.9,0.0,0.0,0.0,0.0,0.0,0.0,0.0,0.0,0.0,0.0,7.12,2.2,0.0,0.0,0.1,0.0,1800,20,Keeper,1.0,0.0,0.0,0.0,0.11000000000000001,0.2,39.50980392156862,28.676470588235297,30.588235294117652,33.23578845453466,True
212873,Daniel Batz,9905,1. FSV Mainz 05,GER-Bundesliga,0.0,0.0,0.0,2.0,0.0,0.0,0.0,0.0,0.0,0.0,0.0,0.0,0.0,0.0,0.0,0.0,0.0,0.0,0.0,0.0,0.0,900,10,Keeper,0.0,0.0,0.0,0.0,0.0,0.2,33.67647058823529,16.666666666666668,10.980392156862745,19.483662947914322,True
163604,Karl Darlow,8463,Leeds United,ENG-Premier League,0.0,0.0,0.0,1.0,0.0,0.0,0.0,0.0,0.0,0.0,0.0,0.0,0.0,0.0,0.0,0.0,0.0,0.0,0.0,0.0,0.0,900,10,Keeper,0.0,0.0,0.0,0.0,0.0,0.1,33.67647058823529,5.637254901960785,4.362745098039216,10.670355318556282,True
280287,Sam Johnstone,8602,Wolverhampton Wanderers,ENG-Premier League,0.0,0.0,0.0,0.0,0.0,0.0,0.0,0.0,0.0,0.0,0.0,0.0,0.0,0.0,0.0,0.0,0.0,0.0,0.0,0.0,0.0,1080,12,Keeper,0.0,0.0,0.0,0.0,0.0,0.0,33.67647058823529,2.2058823529411766,2.303921568627451,6.648836277455747,True
